"Año","Area","Casa","Departamento en edificio","otros","total","porc_Casas","porc_Deptos","porc_Otros"
2002,"RURAL",2900,1,438,3339,86.8523510032944,0.0299490865528601,13.1176999101527
2002,"URBANO",61743,6543,4167,72453,85.2180033953045,9.03068195933916,5.7513146453563
2017,"RURAL",16638,0,497,17135,97.0995039393055,0,2.90049606069448
2017,"URBANO",95055,16098,2406,113559,83.7053866272158,14.1758909465564,2.11872242622778
